sessionId	createdAt	cwd	title	firstPrompt	totalTokens	events	toolCalls	loadedSkill	bytes	lastEvent
session-cda0f66c-5cf3-49cb-b066-18ffd94a0457	2026-10-01T18:35:06.797Z	C:\Users\19723\AppData\Local\Temp\verify-trigger	确认 config.txt retries 改动	我在这个目录里把 config.txt 的 retries 从 1 改成了 2，帮我确认这次改动。	44226	45	5	verify-cheap	34452	turn/end
session-711cb560-c3f5-47f7-9ba4-79a329b0d023	2026-10-01T18:35:44.272Z	C:\Users\19723\AppData\Local\Temp\verify-trigger	修改并确认配置重试次数	我在这个目录里把 config.txt 的 retries 从 1 改成了 2，帮我确认这次改动。	30777	39	4	verify-cheap	32175	turn/end
session-8311197f-d254-4208-9c7b-57c884bbb60a	2026-10-01T18:35:56.771Z	C:\Users\19723\AppData\Local\Temp\verify-trigger	检查 config.txt 修改是否正确	我刚把这个目录里的 config.txt 改了，怎么知道改对了？	42184	43	4	verify-cheap	37317	turn/end
session-2b6170ed-ef1e-4e6f-88ea-1131e710b5ca	2026-10-01T18:36:14.776Z	C:\Users\19723\AppData\Local\Temp\verify-trigger	如何等待后台任务完成	我有个后台任务在跑，得等它完事，我该怎么做？	40683	43	4	verify-cheap	32454	turn/end
session-00dff8eb-0215-45da-b890-39767439f849	2026-10-01T18:36:25.829Z	C:\Users\19723\AppData\Local\Temp\verify-trigger	改一行文本要跑全套测试吗	这次我只是改了一行文本，要不要跑全套测试？	42276	41	3	verify-cheap	35372	turn/end
session-49e16333-7567-4a68-a582-37aedf8d7e60	2026-10-01T18:36:39.877Z	C:\Users\19723\AppData\Local\Temp\verify-trigger	列出目录文件	列出这个目录里的文件。	25739	37	3		21891	turn/end
session-6473a173-8571-414e-9f8b-0742dc4d9a09	2026-10-01T18:36:46.629Z	C:\Users\19723\AppData\Local\Temp\verify-trigger	确认 config.txt retries 改动	我在这个目录里把 config.txt 的 retries 从 1 改成了 2，帮我确认这次改动。	43568	47	6	verify-cheap	34035	turn/end
session-c501f695-bb62-4563-aa2b-ed269b0516f1	2026-10-01T18:36:58.322Z	C:\Users\19723\AppData\Local\Temp\verify-trigger	验证目录 config.txt 修改	我刚把这个目录里的 config.txt 改了，怎么知道改对了？	43291	43	4	verify-cheap	39960	turn/end
session-00b17e42-5ee0-4187-b3d9-2ce4db5d8bd3	2026-10-01T18:37:18.730Z	C:\Users\19723\AppData\Local\Temp\verify-trigger	等待后台任务完成的方法	我有个后台任务在跑，得等它完事，我该怎么做？	28545	35	2	verify-cheap	26513	turn/end
session-272c40f4-4289-4046-a925-6a6ce4c7b9ca	2026-10-01T18:37:25.281Z	C:\Users\19723\AppData\Local\Temp\verify-trigger	改一行文本要跑全套测试吗	这次我只是改了一行文本，要不要跑全套测试？	201469	75	10	verify-cheap	72650	turn/end
session-5a9ab754-10bd-46b4-bfc5-f064a133c652	2026-10-01T18:38:03.115Z	C:\Users\19723\AppData\Local\Temp\verify-trigger	列出目录文件	列出这个目录里的文件。	26065	35	2		21994	turn/end
session-7fb5fea5-a6be-4348-9d56-11ed3d53b964	2026-10-01T18:38:10.706Z	C:\Users\19723\AppData\Local\Temp\verify-trigger	确认 config.txt retries 改动	我在这个目录里把 config.txt 的 retries 从 1 改成了 2，帮我确认这次改动。	42317	47	6	verify-cheap	35409	turn/end
session-5feaea2c-9a53-4aba-92aa-e239681178f9	2026-10-01T18:38:26.556Z	C:\Users\19723\AppData\Local\Temp\verify-trigger	如何验证 config.txt 修改正确	我刚把这个目录里的 config.txt 改了，怎么知道改对了？	71060	61	9	verify-cheap	49899	turn/end
session-c0429537-5f9f-4fa8-89b4-45d20842f730	2026-10-01T18:38:53.277Z	C:\Users\19723\AppData\Local\Temp\verify-trigger	后台任务等待完成方法	我有个后台任务在跑，得等它完事，我该怎么做？	65823	53	5	verify-cheap	42967	turn/end
session-b843a825-82db-4cbf-8169-311229023a10	2026-10-01T18:39:08.600Z	C:\Users\19723\AppData\Local\Temp\verify-trigger	修改一行文本是否需要全套测试	这次我只是改了一行文本，要不要跑全套测试？	78013	67	10	verify-cheap	41480	turn/end
session-2eb1a3c4-1d07-4954-b826-e0eb08fdd1be	2026-10-01T18:39:28.256Z	C:\Users\19723\AppData\Local\Temp\verify-trigger	列出目录文件	列出这个目录里的文件。	16683	29	1		18634	turn/end
session-c526719d-4dfd-4edc-aac9-bef108ceaf42	2026-10-01T18:39:32.620Z	C:\Users\19723\AppData\Local\Temp\verify-trigger	确认 config.txt retries 改动	我在这个目录里把 config.txt 的 retries 从 1 改成了 2，帮我确认这次改动。	136879	83	12	verify-cheap	60431	turn/end
session-a1795140-4c85-476a-9018-102ef798988c	2026-10-01T18:40:09.901Z	C:\Users\19723\AppData\Local\Temp\verify-trigger	检查 config.txt 修改是否正确	我刚把这个目录里的 config.txt 改了，怎么知道改对了？	69425	59	8	verify-cheap	43587	turn/end
session-0e41d9cf-15fb-4548-b89d-65e97aca259b	2026-10-01T18:40:32.112Z	C:\Users\19723\AppData\Local\Temp\verify-trigger	如何等待后台任务完成	我有个后台任务在跑，得等它完事，我该怎么做？	29287	35	2	verify-cheap	28908	turn/end
session-523dde86-cd3e-4e8f-8f72-698d425e5abb	2026-10-01T18:40:40.265Z	C:\Users\19723\AppData\Local\Temp\verify-trigger	只改一行文本需要跑全套测试吗	这次我只是改了一行文本，要不要跑全套测试？	55414	53	7	verify-cheap	41261	turn/end
session-25df8bd8-f732-4e5c-9832-7dcc0d1968f2	2026-10-01T18:40:59.013Z	C:\Users\19723\AppData\Local\Temp\verify-trigger	列出目录文件	列出这个目录里的文件。	16587	29	1		18248	turn/end
session-84178ad1-6987-494b-b2b8-16897878cbd3	2026-10-01T18:41:03.811Z	C:\Users\19723\AppData\Local\Temp\verify-trigger	确认 config.txt retries 改动	我在这个目录里把 config.txt 的 retries 从 1 改成了 2，帮我确认这次改动。	55436	53	7	verify-cheap	41293	turn/end
session-5049dbfa-28c5-4eb7-883d-74b40714f200	2026-10-01T18:41:22.853Z	C:\Users\19723\AppData\Local\Temp\verify-trigger	验证 config.txt 修改是否正确	我刚把这个目录里的 config.txt 改了，怎么知道改对了？	52994	51	6	verify-cheap	35231	turn/end
session-bfb33551-6356-43fa-ba5d-0f968aab5b04	2026-10-01T18:41:36.679Z	C:\Users\19723\AppData\Local\Temp\verify-trigger	后台任务完成前该怎么做	我有个后台任务在跑，得等它完事，我该怎么做？	40236	43	4	verify-cheap	32161	turn/end
session-e5f06be0-61c4-480a-bc19-a7818ed86479	2026-10-01T18:41:48.765Z	C:\Users\19723\AppData\Local\Temp\verify-trigger	改一行文本要跑全套测试吗	这次我只是改了一行文本，要不要跑全套测试？	65727	57	7	verify-cheap	42100	turn/end
session-a191876f-fb93-4b08-b486-91ed3d4e523d	2026-10-01T18:42:09.614Z	C:\Users\19723\AppData\Local\Temp\verify-trigger	列出目录里的文件	列出这个目录里的文件。	16639	29	1		18791	turn/end
session-a5a6a815-8620-48b1-a986-ab45089ad7f8	2026-10-01T18:42:14.808Z	C:\Users\19723\AppData\Local\Temp\verify-trigger	确认 config.txt 重试次数改动	我在这个目录里把 config.txt 的 retries 从 1 改成了 2，帮我确认这次改动。	54979	53	7	verify-cheap	38496	turn/end
session-9d4e3592-3fca-45d1-a730-1a6f844c0662	2026-10-01T18:42:31.287Z	C:\Users\19723\AppData\Local\Temp\verify-trigger	如何验证 config.txt 改动正确	我刚把这个目录里的 config.txt 改了，怎么知道改对了？	66655	59	8	verify-cheap	39480	turn/end
session-3c6ba06d-e563-4d69-91d0-fe34f3c3ccc9	2026-10-01T18:42:50.223Z	C:\Users\19723\AppData\Local\Temp\verify-trigger	后台任务等待方法	我有个后台任务在跑，得等它完事，我该怎么做？	52112	49	5	verify-cheap	36710	turn/end
session-b7cb3e92-ae69-4d57-b742-2eace064439b	2026-10-01T18:43:03.093Z	C:\Users\19723\AppData\Local\Temp\verify-trigger	改一行文本要不要跑全套测试	这次我只是改了一行文本，要不要跑全套测试？	18587	29	1	verify-cheap	25358	turn/end
session-5a295412-b7c3-4ef5-b41d-85f56827fa56	2026-10-01T18:43:09.662Z	C:\Users\19723\AppData\Local\Temp\verify-trigger	列出目录文件	列出这个目录里的文件。	25108	35	2		20466	turn/end
session-434d65df-b458-43d9-b9d6-99e2f730ee84	2026-10-01T18:48:38.782Z	C:\Users\19723\AppData\Local\Temp\verify-trigger	确认 retries 配置改动	我在这个目录里把 config.txt 的 retries 从 1 改成了 2，帮我确认这次改动。	46451	49	7	verify-cheap	41069	turn/end
session-62257f66-827d-4dff-862d-75593370f64b	2026-10-01T18:48:55.492Z	C:\Users\19723\AppData\Local\Temp\verify-trigger	改一行文本需跑全套测试吗	这次我只是改了一行文本，要不要跑全套测试？	120900	71	10	verify-cheap	66778	turn/end
session-3a59d938-15c6-43ca-a158-503e06050ae4	2026-10-01T18:49:37.161Z	C:\Users\19723\AppData\Local\Temp\verify-trigger	测试跑百遍仍不放心	我这个测试跑一百遍都是绿的，我有点不放心。	166215	87	16	verify-cheap	83265	turn/end
session-a4088fff-f026-4f2d-b243-c0aa05032fc0	2026-10-01T18:50:20.810Z	C:\Users\19723\AppData\Local\Temp\verify-trigger	脚本 Start-Sleep 等待是否合理	脚本里有一段 Start-Sleep 在等，我觉得不太对，你看呢？	99956	73	11	verify-cheap	60574	turn/end
session-7a22bf39-16bb-4420-b70b-0da73ed9fd94	2026-10-01T18:50:45.376Z	C:\Users\19723\AppData\Local\Temp\verify-trigger	验证脚本内外耗时不一致原因	这个验证脚本自己报 3 秒，外面看却是 40 秒，为什么？	190330	91	16	verify-cheap	93017	turn/end
session-e09c95d3-6361-4f7c-8adf-bbac66fff1e9	2026-10-01T18:51:40.177Z	C:\Users\19723\AppData\Local\Temp\verify-trigger	为后续会话撰写仓库索引	我要给这个仓库写一份给后续会话看的索引，该写些什么？	85021	63	10		57979	turn/end
session-0fb33413-de55-4f6a-b4f9-567efccca4e6	2026-10-01T18:52:09.713Z	C:\Users\19723\AppData\Local\Temp\verify-trigger	第二次访问仓库的踩坑记录位置	这个仓库我第二次来了，之前踩的坑记在哪比较好？	1580368	322	57		240731	turn/end
session-a9bd081c-887e-4be0-9ea3-dd8fb1c9304a	2026-10-01T18:55:25.129Z	C:\Users\19723\AppData\Local\Temp\verify-trigger	README 长度与文档拆分	README 写多长合适，要不要再单独搞一份文档？	32903	39	4		38651	turn/end
session-6221a619-04be-4764-a284-6e501d690560	2026-10-01T18:55:36.383Z	C:\Users\19723\AppData\Local\Temp\verify-trigger	列出目录文件	列出这个目录里的文件。	16998	29	1		19173	turn/end
session-81106cdc-c393-499f-a1f1-1c746cedb2d1	2026-10-01T18:55:41.991Z	C:\Users\19723\AppData\Local\Temp\verify-trigger	确认 config.txt retries 改动	我在这个目录里把 config.txt 的 retries 从 1 改成了 2，帮我确认这次改动。	129828	73	11	verify-cheap	67823	turn/end
session-db02488b-167d-41e0-8baa-7d273041ea9f	2026-10-01T18:56:15.300Z	C:\Users\19723\AppData\Local\Temp\verify-trigger	修改一行文本是否需跑全套测试	这次我只是改了一行文本，要不要跑全套测试？	58404	49	7	verify-cheap	52982	turn/end
session-56d37362-a3ef-4677-bf31-7027106b96f0	2026-10-01T18:56:33.959Z	C:\Users\19723\AppData\Local\Temp\verify-trigger	测试稳定通过反而令人担心	我这个测试跑一百遍都是绿的，我有点不放心。	97862	61	9	verify-cheap	62319	turn/end
session-9aa5d168-edd9-43bb-bd52-db90700a93e1	2026-10-01T18:56:58.088Z	C:\Users\19723\AppData\Local\Temp\verify-trigger	检查 Start-Sleep 等待是否合理	脚本里有一段 Start-Sleep 在等，我觉得不太对，你看呢？	113884	71	12	verify-cheap	68053	turn/end
session-fd779ab6-11a2-4046-91ec-c243dfd1989b	2026-10-01T18:57:25.109Z	C:\Users\19723\AppData\Local\Temp\verify-trigger	验证脚本耗时差异原因	这个验证脚本自己报 3 秒，外面看却是 40 秒，为什么？	82962	57	9	verify-cheap	67737	turn/end
session-752227f5-c142-4a7d-94a2-47b5cfc8f2ab	2026-10-01T18:57:58.180Z	C:\Users\19723\AppData\Local\Temp\verify-trigger	仓库会话索引应写些什么	我要给这个仓库写一份给后续会话看的索引，该写些什么？	202898	95	16		82122	turn/end
session-26eb297c-b028-40a0-ad53-00d541778c06	2026-10-01T18:58:41.619Z	C:\Users\19723\AppData\Local\Temp\verify-trigger	第二次到访记录之前踩的坑	这个仓库我第二次来了，之前踩的坑记在哪比较好？	46569	47	6		38639	turn/end
session-369fe9aa-327b-4b3b-a6a1-2b1d697dad7e	2026-10-01T18:58:51.732Z	C:\Users\19723\AppData\Local\Temp\verify-trigger	README 长度与文档拆分建议	README 写多长合适，要不要再单独搞一份文档？	39015	39	4		45312	turn/end
session-f37ea41f-be52-4260-b61e-ea1965528651	2026-10-01T18:59:09.041Z	C:\Users\19723\AppData\Local\Temp\verify-trigger	列出目录文件	列出这个目录里的文件。	28318	35	2		26342	turn/end
session-d47a3fa6-b8e7-4f3f-8b79-4f6113dce3a9	2026-10-01T18:59:16.871Z	C:\Users\19723\AppData\Local\Temp\verify-trigger	确认 config.txt 重试次数改动	我在这个目录里把 config.txt 的 retries 从 1 改成了 2，帮我确认这次改动。	84859	61	9	verify-cheap	54582	turn/end
session-bc447aab-4e57-4f44-8944-a800b34ec0fb	2026-10-01T18:59:39.365Z	C:\Users\19723\AppData\Local\Temp\verify-trigger	小改动是否需要全套测试	这次我只是改了一行文本，要不要跑全套测试？	90558	59	8	verify-cheap	57594	turn/end
session-a6173b07-2ba5-4d5f-9dd8-a2c8a4425acc	2026-10-01T19:00:02.807Z	C:\Users\19723\AppData\Local\Temp\verify-trigger	Flaky 防护：百次全绿仍存疑	我这个测试跑一百遍都是绿的，我有点不放心。	74456	59	10	verify-cheap	57378	turn/end
session-9f1ece39-bb07-4ce2-9dbc-5e81128f6e4b	2026-10-01T19:00:25.336Z	C:\Users\19723\AppData\Local\Temp\verify-trigger	Start-Sleep 等待问题排查	脚本里有一段 Start-Sleep 在等，我觉得不太对，你看呢？	100605	63	10	verify-cheap	60138	turn/end
session-79c1d094-fed9-4168-821a-87e31b9ba6c2	2026-10-01T19:00:46.338Z	C:\Users\19723\AppData\Local\Temp\verify-trigger	验证脚本耗时差异原因	这个验证脚本自己报 3 秒，外面看却是 40 秒，为什么？	57733	49	7	verify-cheap	54546	turn/end
session-391bab60-87a1-4325-9df2-435503da27cf	2026-10-01T19:01:09.917Z	C:\Users\19723\AppData\Local\Temp\verify-trigger	为后续会话编写仓库索引	我要给这个仓库写一份给后续会话看的索引，该写些什么？	100097	65	11		70229	turn/end
session-b860111b-f811-476a-9f15-1cfdbae14ed9	2026-10-01T19:01:53.101Z	C:\Users\19723\AppData\Local\Temp\verify-trigger	第二次访问仓库的踩坑记录位置	这个仓库我第二次来了，之前踩的坑记在哪比较好？	33142	39	4		37970	turn/end
session-16a418bf-bd4d-4c5c-96c2-f680994499a9	2026-10-01T19:02:02.182Z	C:\Users\19723\AppData\Local\Temp\verify-trigger	README 长度与单独文档取舍	README 写多长合适，要不要再单独搞一份文档？	52768	47	6		50860	turn/end
session-7a36f74d-8179-40f5-bff3-27cf4f262019	2026-10-01T19:02:20.372Z	C:\Users\19723\AppData\Local\Temp\verify-trigger	列出目录文件	列出这个目录里的文件。	30746	37	3		32139	turn/end
session-740be7e2-8185-4a82-a3d0-365640856e6f	2026-10-01T19:02:30.006Z	C:\Users\19723\AppData\Local\Temp\verify-trigger	确认 config.txt 重试次数改动	我在这个目录里把 config.txt 的 retries 从 1 改成了 2，帮我确认这次改动。	74800	59	10	verify-cheap	52215	turn/end
session-1e70d30e-0637-4b56-8c2d-1230240a45bc	2026-10-01T19:02:49.619Z	C:\Users\19723\AppData\Local\Temp\verify-trigger	改一行文本要跑全套测试吗	这次我只是改了一行文本，要不要跑全套测试？	107556	65	9	verify-cheap	60576	turn/end
session-1a3cec56-ecf0-4442-b9d1-acb66e2bea1d	2026-10-01T19:03:15.069Z	C:\Users\19723\AppData\Local\Temp\verify-trigger	反复通过的测试不放心	我这个测试跑一百遍都是绿的，我有点不放心。	153942	81	13	verify-cheap	67446	turn/end
session-908f69ff-bac8-42af-97c5-cdf4413d8737	2026-10-01T19:03:53.960Z	C:\Users\19723\AppData\Local\Temp\verify-trigger	Start-Sleep 等待问题排查	脚本里有一段 Start-Sleep 在等，我觉得不太对，你看呢？	49549	47	6		40529	turn/end
session-84ac5938-50bc-4532-9285-1a753ac557a7	2026-10-01T19:04:04.293Z	C:\Users\19723\AppData\Local\Temp\verify-trigger	验证脚本内外耗时差异原因	这个验证脚本自己报 3 秒，外面看却是 40 秒，为什么？	219027	95	18	verify-cheap	92344	turn/end
session-a726feb6-9164-413b-8c4f-8e17a8a2925f	2026-10-01T19:05:08.338Z	C:\Users\19723\AppData\Local\Temp\verify-trigger	仓库后续会话索引写什么	我要给这个仓库写一份给后续会话看的索引，该写些什么？	82736	59	8		51561	turn/end
session-2647dd0f-7ddc-4f80-abc8-562b47767e99	2026-10-01T19:05:28.826Z	C:\Users\19723\AppData\Local\Temp\verify-trigger	第二次来访踩坑记录存放位置	这个仓库我第二次来了，之前踩的坑记在哪比较好？	90600	65	9		51577	turn/end
session-67b2ded2-fca3-488f-b07a-38fa107ef2b9	2026-10-01T19:05:50.501Z	C:\Users\19723\AppData\Local\Temp\verify-trigger	README 长度与文档安排	README 写多长合适，要不要再单独搞一份文档？	32841	39	4		38104	turn/end
session-d47170d5-ff61-455b-a421-a11a100a2163	2026-10-01T19:06:00.697Z	C:\Users\19723\AppData\Local\Temp\verify-trigger	列出目录中的文件	列出这个目录里的文件。	17675	31	2		21163	turn/end
session-10771d39-a7b8-481f-bb10-a2c4305adf4c	2026-10-01T19:06:07.381Z	C:\Users\19723\AppData\Local\Temp\verify-trigger	确认config.txt重试次数改动	我在这个目录里把 config.txt 的 retries 从 1 改成了 2，帮我确认这次改动。	75777	59	10	verify-cheap	55393	turn/end
session-ece79ab2-409f-4de8-92d0-3a4c1cd69d4c	2026-10-01T19:06:28.991Z	C:\Users\19723\AppData\Local\Temp\verify-trigger	修改一行文本要不要跑全套测试	这次我只是改了一行文本，要不要跑全套测试？	55850	49	7	verify-cheap	48029	turn/end
session-c48c54cb-3196-4f53-9c89-861110edf2c1	2026-10-01T19:06:45.967Z	C:\Users\19723\AppData\Local\Temp\verify-trigger	测试跑百遍都绿很担忧	我这个测试跑一百遍都是绿的，我有点不放心。	98399	67	12	verify-cheap	65078	turn/end
session-a4c6680a-c963-49b3-bf55-4292d470f059	2026-10-01T19:07:16.041Z	C:\Users\19723\AppData\Local\Temp\verify-trigger	PowerShell 脚本 Start-Sleep 等待问题	脚本里有一段 Start-Sleep 在等，我觉得不太对，你看呢？	109560	69	11	verify-cheap	61990	turn/end
session-9433b98b-ed4c-4945-b179-ae66c83f32ff	2026-10-01T19:07:36.174Z	C:\Users\19723\AppData\Local\Temp\verify-trigger	验证脚本耗时差异原因	这个验证脚本自己报 3 秒，外面看却是 40 秒，为什么？	90632	61	9	verify-cheap	56464	turn/end
session-f4722f2e-c1fc-48c9-b449-df6db407b096	2026-10-01T19:08:10.580Z	C:\Users\19723\AppData\Local\Temp\verify-trigger	仓库会话索引写什么	我要给这个仓库写一份给后续会话看的索引，该写些什么？	49247	45	5		46426	turn/end
session-f620abc6-5765-4b28-978c-926c783ee76a	2026-10-01T19:08:47.570Z	C:\Users\19723\AppData\Local\Temp\verify-trigger	AI 助手仓库踩坑记录位置	这个仓库我第二次来了，之前踩的坑记在哪比较好？	47041	45	5		39721	turn/end
session-b6bcab74-7580-4737-967b-f84ff3bcca61	2026-10-01T19:09:00.718Z	C:\Users\19723\AppData\Local\Temp\verify-trigger	README 长度与独立文档选择	README 写多长合适，要不要再单独搞一份文档？	33885	39	4		40591	turn/end
session-d221e7c9-35cb-4d2c-a63f-309215733129	2026-10-01T19:09:17.258Z	C:\Users\19723\AppData\Local\Temp\verify-trigger	列出目录里的文件	列出这个目录里的文件。	33413	37	3		31329	turn/end
session-f1bd8211-59c3-40c7-a04b-9596829975e7	2026-10-01T19:09:25.995Z	C:\Users\19723\AppData\Local\Temp\verify-trigger	确认 config.txt 的 retries 改动	我在这个目录里把 config.txt 的 retries 从 1 改成了 2，帮我确认这次改动。	85389	63	10	verify-cheap	56860	turn/end
session-ea2d27ad-61d4-4399-b885-04c63db4975e	2026-10-01T19:09:49.072Z	C:\Users\19723\AppData\Local\Temp\verify-trigger	修改一行文本需要跑全套测试吗	这次我只是改了一行文本，要不要跑全套测试？	77981	61	11	verify-cheap	59458	turn/end
session-536b99bc-d616-495d-b3ae-65f648bab12b	2026-10-01T19:10:12.195Z	C:\Users\19723\AppData\Local\Temp\verify-trigger	测试全部通过为何不放心	我这个测试跑一百遍都是绿的，我有点不放心。	58209	47	6	verify-cheap	50768	turn/end
session-403c19d2-aed2-4908-97c3-acce4212359f	2026-10-01T19:10:30.568Z	C:\Users\19723\AppData\Local\Temp\verify-trigger	Start-Sleep 等待是否合理	脚本里有一段 Start-Sleep 在等，我觉得不太对，你看呢？	126736	75	12	verify-cheap	56961	turn/end
session-b9b9d95c-921a-4c90-ad63-0a08cb2778a3	2026-10-01T19:10:53.800Z	C:\Users\19723\AppData\Local\Temp\verify-trigger	验证脚本耗时差异原因	这个验证脚本自己报 3 秒，外面看却是 40 秒，为什么？	60024	49	7	verify-cheap	57818	turn/end
session-c8fb811d-a9c6-43cb-bacb-9effac09df7d	2026-10-01T19:11:20.935Z	C:\Users\19723\AppData\Local\Temp\verify-trigger	编写仓库会话索引指南	我要给这个仓库写一份给后续会话看的索引，该写些什么？	217810	95	18		83196	turn/end
session-f4f62a30-3933-4ae8-bcd5-afc8a1fcb4dc	2026-10-01T19:13:04.431Z	C:\Users\19723\AppData\Local\Temp\verify-trigger	记录仓库踩坑笔记的位置	这个仓库我第二次来了，之前踩的坑记在哪比较好？	43125	45	5		38413	turn/end
session-25b4a4ea-6287-497f-906d-9b44e74a8937	2026-10-01T19:13:16.018Z	C:\Users\19723\AppData\Local\Temp\verify-trigger	README 与单独文档如何取舍	README 写多长合适，要不要再单独搞一份文档？	32826	39	4		37606	turn/end
session-59c1fd45-0374-491e-b314-ac33119fa6c8	2026-10-01T19:13:25.945Z	C:\Users\19723\AppData\Local\Temp\verify-trigger	列出目录里的文件	列出这个目录里的文件。	17564	31	2		20543	turn/end
session-d08cacba-aac6-4a07-8560-ef10ea485119	2026-10-01T19:13:58.804Z	C:\Users\19723\AppData\Local\Temp\verify-trigger	寻找并移除脚本中的冗余等待	脚本里有一段 Start-Sleep 在等，我觉得不太对，你看呢？	194299	93	19	verify-cheap	108185	turn/end
session-bddc491e-6586-4730-8ea8-41420c7ffdb0	2026-10-01T19:15:06.024Z	C:\Users\19723\AppData\Local\Temp\verify-trigger	脚本中 Start-Sleep 是否有问题	脚本里有一段 Start-Sleep 在等，我觉得不太对，你看呢？	339582	117	21	verify-cheap	112183	turn/end
session-fb1c3900-9006-4fc2-a685-1604a24a58f2	2026-10-01T19:16:09.153Z	C:\Users\19723\AppData\Local\Temp\verify-trigger	脚本中的 Start-Sleep 是否必要	脚本里有一段 Start-Sleep 在等，我觉得不太对，你看呢？	206755	91	16	verify-cheap	85454	turn/end
session-7ee31663-6b3b-437c-b0e7-e91c2c941f5d	2026-10-01T19:17:04.833Z	C:\Users\19723\AppData\Local\Temp\verify-trigger	脚本中的 Start-Sleep 等待是否合适	脚本里有一段 Start-Sleep 在等，我觉得不太对，你看呢？	134538	75	14	verify-cheap	85810	turn/end
session-34686a79-5cb7-4607-845c-95b90a509563	2026-10-01T19:17:53.405Z	C:\Users\19723\AppData\Local\Temp\verify-trigger	检查脚本里的 Start-Sleep 等待	脚本里有一段 Start-Sleep 在等，我觉得不太对，你看呢？	107436	69	11	verify-cheap	62864	turn/end
session-87702620-2d04-4b5a-b7aa-53750f63462f	2026-10-01T19:18:22.220Z	C:\Users\19723\AppData\Local\Temp\verify-trigger	Start-Sleep 等待逻辑问题	脚本里有一段 Start-Sleep 在等，我觉得不太对，你看呢？	95035	67	12	verify-cheap	69180	turn/end
session-ddd923c1-de9b-4032-b9bc-b6a872486f68	2026-10-01T19:18:48.151Z	C:\Users\19723\AppData\Local\Temp\verify-trigger	脚本中的 Start-Sleep 是否合理	脚本里有一段 Start-Sleep 在等，我觉得不太对，你看呢？	88772	61	9	verify-cheap	56661	turn/end
session-ec4cd0f4-4c78-4049-9b66-8dcbcb8e390c	2026-10-01T19:19:13.271Z	C:\Users\19723\AppData\Local\Temp\verify-trigger	脚本里的 Start-Sleep 等待问题	脚本里有一段 Start-Sleep 在等，我觉得不太对，你看呢？	113344	69	11	verify-cheap	62787	turn/end
session-7ddbd415-c725-4e45-a990-cb5428912726	2026-10-01T19:19:41.045Z	C:\Users\19723\AppData\Local\Temp\verify-trigger	脚本中的 Start-Sleep 是否必要	脚本里有一段 Start-Sleep 在等，我觉得不太对，你看呢？	73151	55	8	verify-cheap	54943	turn/end
session-27d3b376-d58b-46ee-906e-41ff8c5baaed	2026-10-01T19:20:01.782Z	C:\Users\19723\AppData\Local\Temp\verify-trigger	Start-Sleep 等待逻辑有疑虑	脚本里有一段 Start-Sleep 在等，我觉得不太对，你看呢？	89455	63	10	verify-cheap	62261	turn/end
session-a2ebbb01-e5e2-44a9-ae67-74e77213ced2	2026-10-01T19:20:23.415Z	C:\Users\19723\AppData\Local\Temp\verify-trigger	脚本中 Start-Sleep 等待是否合理	脚本里有一段 Start-Sleep 在等，我觉得不太对，你看呢？	156252	87	16	verify-cheap	74682	turn/end
session-1d2b3aa6-f420-457e-815a-9f9ee639c849	2026-10-01T19:21:05.638Z	C:\Users\19723\AppData\Local\Temp\verify-trigger	检查脚本中的 Start-Sleep 等待	脚本里有一段 Start-Sleep 在等，我觉得不太对，你看呢？	92039	63	10		59395	turn/end
session-fa422d8e-96ff-4103-914f-caf5c14cd9c0	2026-10-01T19:21:32.587Z	C:\Users\19723\AppData\Local\Temp\verify-trigger	Start-Sleep 等待疑虑	脚本里有一段 Start-Sleep 在等，我觉得不太对，你看呢？	238234	103	20	verify-cheap	93243	turn/end
session-f0dfe5cd-0e3d-4340-be92-de999445785a	2026-10-01T19:22:37.159Z	C:\Users\19723\AppData\Local\Temp\verify-trigger	Start-Sleep 脚本等待疑点	脚本里有一段 Start-Sleep 在等，我觉得不太对，你看呢？	125122	73	13	verify-cheap	70261	turn/end
session-e97fc8eb-f4c5-40a3-8504-ddc1bc3bccf3	2026-10-01T19:23:08.826Z	C:\Users\19723\AppData\Local\Temp\verify-trigger	脚本中 Start-Sleep 等待问题	脚本里有一段 Start-Sleep 在等，我觉得不太对，你看呢？	100822	65	9	verify-cheap	52572	turn/end
session-e184ab9c-ae30-43d7-ba2a-a0096bf56cdb	2026-10-01T19:23:38.295Z	C:\Users\19723\AppData\Local\Temp\verify-trigger	检查脚本中的 Start-Sleep	脚本里有一段 Start-Sleep 在等，我觉得不太对，你看呢？	181679	87	14	verify-cheap	79357	turn/end
session-8612ca70-a850-49e7-91ce-c830ffeb839e	2026-10-01T19:24:25.495Z	C:\Users\19723\AppData\Local\Temp\verify-trigger	Start-Sleep 等待逻辑质疑	脚本里有一段 Start-Sleep 在等，我觉得不太对，你看呢？	126410	71	12	verify-cheap	67847	turn/end
session-c0f5fcdd-7b1c-4bb5-bede-b832e6a3fc0e	2026-10-01T19:25:00.048Z	C:\Users\19723\AppData\Local\Temp\verify-trigger	审查脚本中的 Start-Sleep 等待	脚本里有一段 Start-Sleep 在等，我觉得不太对，你看呢？	68529	55	8	verify-cheap	59533	turn/end
session-43e1208e-1b87-4555-8800-c3d717c29a56	2026-10-01T19:25:36.023Z	C:\Users\19723\AppData\Local\Temp\verify-trigger	脚本中 Start-Sleep 等待问题	脚本里有一段 Start-Sleep 在等，我觉得不太对，你看呢？	125570	75	14	verify-cheap	73842	turn/end
session-33254943-368a-4472-a923-7ff3071756bb	2026-10-01T19:26:16.034Z	C:\Users\19723\AppData\Local\Temp\verify-trigger	Start-Sleep 等待是否合理	脚本里有一段 Start-Sleep 在等，我觉得不太对，你看呢？	142532	81	15	verify-cheap	65983	turn/end
session-79cabae2-566e-4f2e-a510-00a3b7e8a6b7	2026-10-01T19:27:08.430Z	C:\Users\19723\AppData\Local\Temp\verify-trigger	脚本里的 Start-Sleep 等待问题	脚本里有一段 Start-Sleep 在等，我觉得不太对，你看呢？	90965	61	9	verify-cheap	62975	turn/end
session-6fd9ec33-8bb0-4493-8ce5-023d2154ea72	2026-10-01T19:27:36.125Z	C:\Users\19723\AppData\Local\Temp\verify-trigger	Start-Sleep 等待是否合理	脚本里有一段 Start-Sleep 在等，我觉得不太对，你看呢？	56514	52	8	verify-cheap	52947	session-log-deepseek/delivery-accepted
session-e4cd3d17-53b9-46da-b421-243ac51325d1	2026-10-01T19:31:36.042Z	C:\Users\19723\AppData\Local\Temp\verify-trigger	脚本里有一段 Start-Sleep 在等，	脚本里有一段 Start-Sleep 在等，我觉得不太对，你看呢？	0	19	0		15818	session-log-deepseek/delivery-accepted
session-de8cbbb6-b0ea-4131-8945-074773b11224	2026-10-01T19:35:35.963Z	C:\Users\19723\AppData\Local\Temp\verify-trigger	脚本里有一段 Start-Sleep 在等，	脚本里有一段 Start-Sleep 在等，我觉得不太对，你看呢？	0	19	0		15667	session-log-deepseek/delivery-accepted
session-9c72d43d-bec3-453c-a6bc-26912e4ffa45	2026-10-01T19:39:36.042Z	C:\Users\19723\AppData\Local\Temp\verify-trigger	脚本里有一段 Start-Sleep 在等，	脚本里有一段 Start-Sleep 在等，我觉得不太对，你看呢？	0	19	0		15601	session-log-deepseek/delivery-accepted
session-5aac9a47-0254-486f-8e7c-97c41a480b77	2026-10-01T19:43:35.986Z	C:\Users\19723\AppData\Local\Temp\verify-trigger	脚本里有一段 Start-Sleep 在等，	脚本里有一段 Start-Sleep 在等，我觉得不太对，你看呢？	0	19	0		15745	session-log-deepseek/delivery-accepted
session-179b1efb-ff09-4da3-b5a5-819d3764d684	2026-10-01T19:47:36.011Z	C:\Users\19723\AppData\Local\Temp\verify-trigger	脚本里有一段 Start-Sleep 在等，	脚本里有一段 Start-Sleep 在等，我觉得不太对，你看呢？	0	19	0		15750	session-log-deepseek/delivery-accepted
session-4ae4fdd2-e1db-4ad0-9e41-2ea4f42bb565	2026-10-01T19:51:36.014Z	C:\Users\19723\AppData\Local\Temp\verify-trigger	脚本里有一段 Start-Sleep 在等，	脚本里有一段 Start-Sleep 在等，我觉得不太对，你看呢？	0	19	0		15599	session-log-deepseek/delivery-accepted
session-92e5977e-3c12-4c3a-beab-b33c780c2dfc	2026-10-02T04:57:32.716Z	C:\Users\19723\AppData\Local\Temp\verify-trigger	Start-Sleep 使用是否合理	脚本里有一段 Start-Sleep 在等，我觉得不太对，你看呢？	112311	73	13	verify-cheap	58487	turn/end
session-1d5e4663-5301-4bff-b9c3-5d5bace04ee2	2026-10-02T04:57:51.151Z	C:\Users\19723\AppData\Local\Temp\verify-trigger	Start-Sleep 等待逻辑检查	脚本里有一段 Start-Sleep 在等，我觉得不太对，你看呢？	116009	71	12	verify-cheap	67511	turn/end
session-2fbe4622-4ee2-4a66-bbf4-1e40c732f196	2026-10-02T04:58:09.829Z	C:\Users\19723\AppData\Local\Temp\verify-trigger	脚本 Start-Sleep 等待问题检查	脚本里有一段 Start-Sleep 在等，我觉得不太对，你看呢？	112133	67	10	verify-cheap	64653	turn/end
session-1bbd18d6-8556-49e5-91b4-f258acc93b1b	2026-10-02T04:58:31.905Z	C:\Users\19723\AppData\Local\Temp\verify-trigger	脚本中 Start-Sleep 是否必要	脚本里有一段 Start-Sleep 在等，我觉得不太对，你看呢？	105450	71	12	verify-cheap	66113	turn/end
session-aa901130-b66d-4662-a0cb-80ec0391ec85	2026-10-02T04:59:06.445Z	C:\Users\19723\AppData\Local\Temp\verify-trigger	脚本里的 Start-Sleep 等待疑问	脚本里有一段 Start-Sleep 在等，我觉得不太对，你看呢？	37455	41	5	verify-cheap	39067	turn/end
session-ef2d7e9e-974b-4ecd-9769-67dad29a9b4f	2026-10-02T04:59:14.552Z	C:\Users\19723\AppData\Local\Temp\verify-trigger	Start-Sleep 等待是否合理	脚本里有一段 Start-Sleep 在等，我觉得不太对，你看呢？	121702	69	11	verify-cheap	66865	turn/end
session-49211f45-da9f-44d1-b56f-e9c5d6713f80	2026-10-02T04:59:38.435Z	C:\Users\19723\AppData\Local\Temp\verify-trigger	Start-Sleep 等待是否合适	脚本里有一段 Start-Sleep 在等，我觉得不太对，你看呢？	106423	69	11	verify-cheap	69684	turn/end
session-ec688a3d-e7b8-4cc8-82e0-dd38221515f1	2026-10-02T05:00:08.227Z	C:\Users\19723\AppData\Local\Temp\verify-trigger	Start-Sleep 等待是否合理	脚本里有一段 Start-Sleep 在等，我觉得不太对，你看呢？	91294	65	11	verify-cheap	52908	turn/end
session-6b981b48-e676-4f72-b6ee-518d327cddd9	2026-10-03T18:17:41.214Z	C:\Users\19723\AppData\Local\Temp\verify-trigger	脚本中的 Start-Sleep 是否合理	脚本里有一段 Start-Sleep 在等，我觉得不太对，你看呢？	1139069	252	44	verify-cheap	191026	session-log-deepseek/delivery-accepted
session-697da55a-79a1-4359-836b-79c5260703fd	2026-10-03T18:21:41.300Z	C:\Users\19723\AppData\Local\Temp\verify-trigger	脚本 Start-Sleep 使用疑问	脚本里有一段 Start-Sleep 在等，我觉得不太对，你看呢？	277892	97	17	verify-cheap	137762	turn/end
session-981edd18-1947-4267-8953-2bd59f164efe	2026-10-03T18:23:26.867Z	C:\Users\19723\AppData\Local\Temp\verify-trigger	测试跑百遍总绿不放心	我这个测试跑一百遍都是绿的，我有点不放心。	156705	77	13	verify-cheap	86432	turn/end
session-379b4ea4-ea24-4c1a-a442-3f8191f3ef63	2026-10-03T18:24:16.435Z	C:\Users\19723\AppData\Local\Temp\verify-trigger	验证脚本耗时不一致排查	这个验证脚本自己报 3 秒，外面看却是 40 秒，为什么？	939451	180	34	verify-cheap	218839	tool/call
session-95fcdb2b-8a25-4c73-a354-46ae7ac3321a	2026-10-03T18:28:16.259Z	C:\Users\19723\AppData\Local\Temp\verify-trigger	验证脚本耗时差异原因分析	这个验证脚本自己报 3 秒，外面看却是 40 秒，为什么？	347108	122	18	verify-cheap	83459	turn/end
session-43d3368d-e59f-45a6-b39d-9914e32b4a44	2026-10-03T18:29:28.798Z	C:\Users\19723\AppData\Local\Temp\verify-trigger	改一行文本要不要跑全测	这次我只是改了一行文本，要不要跑全套测试？	61510	47	6	verify-cheap	52183	turn/end
session-dbbbf0cb-903d-40b2-9ba0-768b56477914	2026-10-03T18:29:48.500Z	C:\Users\19723\AppData\Local\Temp\verify-trigger	脚本中 Start-Sleep 等待问题	脚本里有一段 Start-Sleep 在等，我觉得不太对，你看呢？	174897	75	12	verify-cheap	94374	turn/end
session-e94d0eac-da77-4996-8547-95b014e553aa	2026-10-03T18:30:42.038Z	C:\Users\19723\AppData\Local\Temp\verify-trigger	测试跑百遍仍是绿色不放心	我这个测试跑一百遍都是绿的，我有点不放心。	104954	67	12	verify-cheap	65461	turn/end
session-fa6a8938-2d0b-46fa-9739-1ad4428fef74	2026-10-03T18:31:12.738Z	C:\Users\19723\AppData\Local\Temp\verify-trigger	验证脚本耗时差异原因	这个验证脚本自己报 3 秒，外面看却是 40 秒，为什么？	69390	47	6	verify-cheap	58942	turn/end
session-f14df585-c5ca-41a4-bfc1-1fca023b04a9	2026-10-03T18:31:43.176Z	C:\Users\19723\AppData\Local\Temp\verify-trigger	只改一行文本要跑全套测试吗	这次我只是改了一行文本，要不要跑全套测试？	59481	47	6	verify-cheap	47119	turn/end
session-d915e4f1-2f25-4678-86d8-ca375afe90e1	2026-10-03T18:31:56.812Z	C:\Users\19723\AppData\Local\Temp\verify-trigger	等待 Start-Sleep 是否合理	脚本里有一段 Start-Sleep 在等，我觉得不太对，你看呢？	176993	81	15	verify-cheap	87249	turn/end
session-61ad1de2-a1d7-4c76-8c7c-9641ace8f02c	2026-10-03T18:32:39.692Z	C:\Users\19723\AppData\Local\Temp\verify-trigger	测试跑一百遍都绿不放心	我这个测试跑一百遍都是绿的，我有点不放心。	130733	69	11	verify-cheap	72930	turn/end
session-415a7d50-dabb-4cbe-ae3b-06b153086800	2026-10-03T18:33:15.109Z	C:\Users\19723\AppData\Local\Temp\verify-trigger	验证脚本耗时为何差这么多	这个验证脚本自己报 3 秒，外面看却是 40 秒，为什么？	109490	61	9	verify-cheap	60248	turn/end
session-d97e0cc8-7c7b-41d2-acef-54a36d6a08a5	2026-10-03T18:34:11.285Z	C:\Users\19723\AppData\Local\Temp\verify-trigger	改一行文本要不要跑全套测试	这次我只是改了一行文本，要不要跑全套测试？	65042	47	6	verify-cheap	52778	turn/end
session-21a20a03-080f-420c-86f6-592640327d65	2026-10-03T18:34:23.862Z	C:\Users\19723\AppData\Local\Temp\verify-trigger	检查脚本中的 Start-Sleep 等待	脚本里有一段 Start-Sleep 在等，我觉得不太对，你看呢？	86703	53	7	verify-cheap	79217	turn/end
session-a37101d4-75bf-49f4-9dba-9c9e7cdf331c	2026-10-03T18:34:58.833Z	C:\Users\19723\AppData\Local\Temp\verify-trigger	测试百次全绿仍不放心	我这个测试跑一百遍都是绿的，我有点不放心。	61814	47	6	verify-cheap	51344	turn/end
session-f8c5adea-bd5a-4f79-b0f5-86a9c8a344e0	2026-10-03T18:35:13.972Z	C:\Users\19723\AppData\Local\Temp\verify-trigger	验证脚本耗时差异原因	这个验证脚本自己报 3 秒，外面看却是 40 秒，为什么？	209291	85	13	verify-cheap	78663	turn/end
session-4d679384-ec9d-4d5e-9d40-5dde04f2f718	2026-10-03T18:36:16.400Z	C:\Users\19723\AppData\Local\Temp\verify-trigger	单行文本改动需跑全套测试吗	这次我只是改了一行文本，要不要跑全套测试？	70511	51	8	verify-cheap	59507	turn/end
session-edd13e8f-8a2b-42fd-99a8-6933b6c004c5	2026-10-03T18:36:36.189Z	C:\Users\19723\AppData\Local\Temp\verify-trigger	脚本里的 Start-Sleep 是否必要	脚本里有一段 Start-Sleep 在等，我觉得不太对，你看呢？	174934	73	11	verify-cheap	97847	turn/end
session-b2d80d1b-73f9-44ee-832a-097cc58166fa	2026-10-03T18:37:35.830Z	C:\Users\19723\AppData\Local\Temp\verify-trigger	测试百次全绿仍不放心	我这个测试跑一百遍都是绿的，我有点不放心。	125954	67	12	verify-cheap	84274	turn/end
session-15a6b510-293f-4384-88f8-be1813d7ffaf	2026-10-03T18:38:14.864Z	C:\Users\19723\AppData\Local\Temp\verify-trigger	验证脚本耗时差异原因	这个验证脚本自己报 3 秒，外面看却是 40 秒，为什么？	67190	49	7	verify-cheap	59309	turn/end
session-fd0ad27a-afe3-4f87-b466-ca71f4479423	2026-10-03T18:38:44.383Z	C:\Users\19723\AppData\Local\Temp\verify-trigger	改一行文本要跑全套测试吗	这次我只是改了一行文本，要不要跑全套测试？	92697	55	8	verify-cheap	61755	turn/end
session-f18cb21b-f6e2-4631-968e-57636cde1bd2	2026-10-03T18:39:02.057Z	C:\Users\19723\AppData\Local\Temp\verify-trigger	检查脚本中的 Start-Sleep	脚本里有一段 Start-Sleep 在等，我觉得不太对，你看呢？	169602	79	14	verify-cheap	85959	turn/end
session-9f1f54a2-8a86-4950-a67f-a7b43630dae6	2026-10-03T18:39:49.860Z	C:\Users\19723\AppData\Local\Temp\verify-trigger	测试太顺反而让人不放心	我这个测试跑一百遍都是绿的，我有点不放心。	84678	53	7	verify-cheap	60025	turn/end
session-ec49d495-eff8-4320-87ba-c006402a8c0f	2026-10-03T18:40:22.987Z	C:\Users\19723\AppData\Local\Temp\verify-trigger	验证脚本内外耗时差异原因	这个验证脚本自己报 3 秒，外面看却是 40 秒，为什么？	96030	55	8	verify-cheap	66115	turn/end
session-56fefa2f-ff03-498a-8643-f95de917488b	2026-10-03T18:41:35.432Z	C:\Users\19723\AppData\Local\Temp\verify-trigger	改一行文本需要跑全套测试吗	这次我只是改了一行文本，要不要跑全套测试？	81161	53	7	verify-cheap	54483	turn/end
session-27b2779c-3094-4319-a338-5cb1a33c00f3	2026-10-03T18:41:50.632Z	C:\Users\19723\AppData\Local\Temp\verify-trigger	检查脚本中的Start-Sleep等待逻辑	脚本里有一段 Start-Sleep 在等，我觉得不太对，你看呢？	246303	87	14	verify-cheap	107907	turn/end
session-a9af3229-07ec-421a-9f04-de64ad16e51a	2026-10-03T18:43:03.971Z	C:\Users\19723\AppData\Local\Temp\verify-trigger	测试跑一百遍都是绿的	我这个测试跑一百遍都是绿的，我有点不放心。	99595	59	8	verify-cheap	62069	turn/end
session-ffb0b1a5-3b81-4169-a01b-15140e2a6357	2026-10-03T18:43:30.985Z	C:\Users\19723\AppData\Local\Temp\verify-trigger	验证脚本耗时差异排查	这个验证脚本自己报 3 秒，外面看却是 40 秒，为什么？	81402	53	7	verify-cheap	58890	turn/end
session-42371545-1be6-42d5-8f3b-bfbcc63b8cd4	2026-10-03T18:44:34.682Z	C:\Users\19723\AppData\Local\Temp\verify-trigger	改一行文本需跑全套测试吗	这次我只是改了一行文本，要不要跑全套测试？	101255	61	9	verify-cheap	59009	turn/end
session-25726a6d-69a3-4905-aa53-033481f687ca	2026-10-03T18:44:55.197Z	C:\Users\19723\AppData\Local\Temp\verify-trigger	评估脚本中的 Start-Sleep 等待逻辑	脚本里有一段 Start-Sleep 在等，我觉得不太对，你看呢？	205790	83	16	verify-cheap	102296	turn/end
session-d9d00c46-e6bc-4e77-ac8a-53a7d7310e52	2026-10-03T18:45:48.362Z	C:\Users\19723\AppData\Local\Temp\verify-trigger	压力测试跑绿仍不放心	我这个测试跑一百遍都是绿的，我有点不放心。	142455	67	10	verify-cheap	73587	turn/end
session-9fe43845-6bec-4b26-bed0-8aa8dbf0490a	2026-10-03T18:46:16.157Z	C:\Users\19723\AppData\Local\Temp\verify-trigger	验证脚本时长差异排查	这个验证脚本自己报 3 秒，外面看却是 40 秒，为什么？	331710	105	19	verify-cheap	108653	turn/end
session-7b55ca7e-adbe-47f1-b901-4b80a813e867	2026-10-03T18:47:40.054Z	C:\Users\19723\AppData\Local\Temp\verify-trigger	改一行文本需跑全套测试吗	这次我只是改了一行文本，要不要跑全套测试？	81149	55	8	verify-cheap	58024	turn/end
session-5dc0f1e2-dfea-4736-8fc0-7f2182edb50a	2026-10-03T18:48:07.688Z	C:\Users\19723\AppData\Local\Temp\verify-trigger	列出目录中的文件	列出这个目录里的文件。	17936	31	2		21494	turn/end
session-dc33a712-db3e-41e3-8cd0-1870d5b057db	2026-10-03T18:48:14.151Z	C:\Users\19723\AppData\Local\Temp\verify-trigger	列出目录文件	列出这个目录里的文件。	17074	29	1		19742	turn/end
session-efb95829-c151-4748-b6fc-7536cb770cff	2026-10-03T18:48:18.689Z	C:\Users\19723\AppData\Local\Temp\verify-trigger	列出目录文件	列出这个目录里的文件。	29778	37	3		29638	turn/end
session-a45c4804-b453-482a-8151-0d1c5f090154	2026-10-03T18:48:27.639Z	C:\Users\19723\AppData\Local\Temp\verify-trigger	列出目录文件	列出这个目录里的文件。	17493	31	2		20703	turn/end
session-d6cc8b66-e3df-47db-98a9-679f371472e5	2026-10-03T18:48:49.365Z	C:\Users\19723\AppData\Local\Temp\verify-trigger	检查脚本中的 Start-Sleep 等待	脚本里有一段 Start-Sleep 在等，我觉得不太对，你看呢？	187344	77	13	verify-cheap	86579	turn/end
session-e72ccb8a-d2ef-4115-93f0-74fa4289703b	2026-10-03T18:49:23.345Z	C:\Users\19723\AppData\Local\Temp\verify-trigger	Start-Sleep 等待方式是否合理	脚本里有一段 Start-Sleep 在等，我觉得不太对，你看呢？	142469	69	11	verify-cheap	93068	turn/end
session-9c7a472d-8438-44b6-9ead-f8efc2487837	2026-10-03T18:50:28.241Z	C:\Users\19723\AppData\Local\Temp\verify-trigger	检查脚本中的 Start-Sleep	脚本里有一段 Start-Sleep 在等，我觉得不太对，你看呢？	179592	75	12	verify-cheap	91167	turn/end
session-f6cf7d6a-163e-44d8-a1c9-ca933d8c2468	2026-10-03T18:51:07.034Z	C:\Users\19723\AppData\Local\Temp\verify-trigger	Start-Sleep 等待是否有问题	脚本里有一段 Start-Sleep 在等，我觉得不太对，你看呢？	102223	61	9	verify-cheap	74984	turn/end
session-afa1951e-7852-4c5e-ad2c-100f6d8d77c1	2026-10-03T18:51:39.525Z	C:\Users\19723\AppData\Local\Temp\verify-trigger	脚本里的 Start-Sleep 有问题	脚本里有一段 Start-Sleep 在等，我觉得不太对，你看呢？	123285	63	10	verify-cheap	82402	turn/end
session-defdeaf8-83ab-4a44-abef-ac8be5bf8d7f	2026-10-03T18:52:27.033Z	C:\Users\19723\AppData\Local\Temp\verify-trigger	PowerShell 脚本中的 Start-Sleep 问题	脚本里有一段 Start-Sleep 在等，我觉得不太对，你看呢？	168261	69	11	verify-cheap	111290	turn/end
session-26271bf0-9fcf-4d1f-a94b-a4e5ede2aafa	2026-10-03T18:53:32.288Z	C:\Users\19723\AppData\Local\Temp\verify-trigger	脚本中的 Start-Sleep 等待问题	脚本里有一段 Start-Sleep 在等，我觉得不太对，你看呢？	137453	65	11	verify-cheap	91692	turn/end
session-97479307-bf31-4d65-80f4-6a5878ed1e63	2026-10-03T18:54:23.739Z	C:\Users\19723\AppData\Local\Temp\verify-trigger	脚本中 Start-Sleep 等待是否合理	脚本里有一段 Start-Sleep 在等，我觉得不太对，你看呢？	134672	71	12	verify-cheap	75042	turn/end
session-3a62fcc6-a2ed-479e-a669-1075abc3f65f	2026-10-03T18:55:02.803Z	C:\Users\19723\AppData\Local\Temp\verify-trigger	Start-Sleep 等待是否合理	脚本里有一段 Start-Sleep 在等，我觉得不太对，你看呢？	130374	63	10	verify-cheap	86537	turn/end
session-4606f00a-9c7c-41df-affe-66e30555839a	2026-10-03T18:55:52.469Z	C:\Users\19723\AppData\Local\Temp\verify-trigger	Start-Sleep 等待是否合理	脚本里有一段 Start-Sleep 在等，我觉得不太对，你看呢？	154311	67	10	verify-cheap	87845	turn/end
session-67ce9583-5dbd-4a11-a32e-9ea2902a16dc	2026-10-03T18:56:26.083Z	C:\Users\19723\AppData\Local\Temp\verify-trigger	脚本中 Start-Sleep 等待是否合理	脚本里有一段 Start-Sleep 在等，我觉得不太对，你看呢？	126006	63	10	verify-cheap	89080	turn/end
session-5a94a74a-f0e8-4fef-bb5a-1b43bd53d456	2026-10-03T18:57:03.812Z	C:\Users\19723\AppData\Local\Temp\verify-trigger	脚本中 Start-Sleep 等待是否合理	脚本里有一段 Start-Sleep 在等，我觉得不太对，你看呢？	130082	64	10	verify-cheap	84552	session/end-seed
session-1b71f24b-4c70-4715-8c98-5c3bad1892b7	2026-10-03T18:57:51.096Z	C:\Users\19723\AppData\Local\Temp\verify-trigger	检查脚本中的 Start-Sleep	脚本里有一段 Start-Sleep 在等，我觉得不太对，你看呢？	179923	77	13	verify-cheap	94159	turn/end
session-08a66da8-2145-4c39-937d-bf21d3fca658	2026-10-03T18:58:28.827Z	C:\Users\19723\AppData\Local\Temp\verify-trigger	脚本中 Start-Sleep 的疑问	脚本里有一段 Start-Sleep 在等，我觉得不太对，你看呢？	104297	59	10	verify-cheap	77891	turn/end
session-a3b2d8cb-bdd4-48a6-981d-37cfdacdf59a	2026-10-03T18:58:52.608Z	C:\Users\19723\AppData\Local\Temp\verify-trigger	脚本中的 Start-Sleep 等待是否合理	脚本里有一段 Start-Sleep 在等，我觉得不太对，你看呢？	178923	76	12	verify-cheap	98630	session/end-seed
session-096336ad-ba0c-417d-a61a-5040cc9c8abb	2026-10-03T18:59:42.542Z	C:\Users\19723\AppData\Local\Temp\verify-trigger	脚本中 Start-Sleep 等待的问题	脚本里有一段 Start-Sleep 在等，我觉得不太对，你看呢？	185827	76	12	verify-cheap	105245	session/end-seed
